{ "height":52,
 "layers":[
        {
         "data":[0, 0, 0, 0, 0, 0, 0, 0, 0, 0, 0, 0, 0, 0, 0, 0, 0, 0, 0, 0, 0, 0, 0, 0, 0, 0, 0, 0, 0, 0, 0, 0, 0, 0, 0, 0, 0, 0, 0, 0, 0, 0, 0, 0, 0, 0, 0, 0, 0, 0, 0, 0, 0, 0, 0, 0, 0, 0, 0, 0, 0, 0, 0, 0, 0, 0, 0, 0, 0, 0, 0, 0, 0, 0, 0, 0, 0, 0, 0, 0, 0, 0, 0, 0, 0, 0, 0, 0, 0, 0, 0, 0, 0, 0, 0, 0, 0, 0, 0, 0, 0, 0, 0, 0, 0, 0, 0, 0, 0, 0, 0, 0, 0, 0, 0, 0, 0, 0, 0, 0, 0, 0, 0, 0, 0, 0, 0, 0, 0, 0, 0, 0, 0, 0, 0, 0, 0, 0, 0, 0, 0, 0, 0, 0, 0, 0, 0, 0, 0, 0, 0, 0, 0, 0, 0, 0, 0, 0, 0, 0, 0, 0, 0, 0, 0, 0, 0, 0, 0, 0, 0, 0, 0, 0, 0, 0, 0, 0, 0, 0, 0, 0, 0, 0, 0, 0, 0, 0, 0, 0, 0, 0, 0, 0, 0, 0, 0, 0, 0, 0, 0, 0, 0, 0, 0, 0, 0, 0, 0, 0, 0, 0, 0, 0, 0, 0, 0, 0, 0, 0, 0, 0, 0, 0, 0, 0, 0, 0, 0, 0, 0, 0, 0, 0, 0, 0, 0, 0, 0, 0, 0, 0, 0, 0, 0, 0, 0, 0, 0, 0, 0, 0, 0, 0, 0, 0, 0, 0, 0, 0, 0, 0, 0, 0, 0, 0, 0, 0, 0, 0, 0, 0, 0, 0, 0, 0, 0, 0, 0, 0, 0, 0, 0, 0, 0, 0, 0, 0, 0, 0, 0, 0, 0, 0, 0, 0, 0, 0, 0, 0, 0, 0, 0, 0, 0, 0, 0, 0, 70, 0, 0, 0, 0, 0, 0, 0, 0, 0, 0, 0, 0, 0, 0, 0, 0, 0, 0, 0, 0, 0, 0, 0, 0, 0, 73, 73, 0, 0, 0, 0, 0, 0, 0, 0, 0, 0, 0, 0, 0, 0, 0, 0, 0, 0, 0, 0, 0, 0, 0, 0, 0, 76, 0, 0, 0, 0, 0, 0, 0, 0, 0, 0, 0, 0, 0, 0, 0, 0, 0, 0, 0, 0, 0, 0, 0, 0, 0, 0, 0, 0, 0, 0, 0, 0, 0, 0, 0, 0, 0, 0, 0, 0, 0, 0, 0, 0, 0, 0, 0, 0, 0, 0, 0, 0, 0, 0, 0, 0, 0, 0, 0, 0, 0, 0, 0, 0, 0, 0, 0, 0, 0, 0, 0, 0, 0, 0, 0, 0, 0, 0, 0, 0, 0, 0, 0, 0, 0, 0, 0, 0, 0, 0, 0, 0, 0, 0, 0, 0, 0, 0, 0, 0, 0, 0, 0, 0, 0, 0, 0, 0, 0, 0, 0, 0, 0, 0, 0, 0, 0, 0, 0, 0, 0, 0, 0, 0, 0, 0, 0, 0, 0, 0, 0, 0, 0, 0, 0, 70, 0, 0, 0, 0, 0, 0, 0, 0, 0, 0, 0, 0, 0, 0, 0, 0, 0, 0, 0, 0, 0, 0, 0, 0, 73, 73, 0, 0, 0, 0, 0, 0, 0, 0, 0, 0, 0, 0, 0, 0, 0, 0, 0, 0, 0, 0, 0, 0, 0, 0, 76, 0, 0, 0, 0, 0, 0, 0, 0, 0, 0, 0, 0, 0, 0, 0, 0, 0, 0, 0, 0, 0, 0, 0, 0, 0, 0, 0, 0, 0, 0, 0, 0, 0, 0, 0, 0, 0, 0, 0, 0, 0, 0, 0, 0, 0, 0, 0, 0, 0, 0, 0, 0, 0, 0, 0, 0, 0, 0, 0, 0, 0, 0, 0, 0, 0, 0, 0, 0, 0, 0, 0, 0, 0, 0, 0, 0, 0, 0, 0, 0, 0, 0, 0, 0, 0, 0, 0, 0, 0, 0, 0, 0, 0, 0, 0, 0, 0, 0, 0, 0, 0, 0, 0, 0, 0, 0, 0, 0, 0, 0, 0, 0, 0, 0, 0, 0, 0, 0, 0, 0, 0, 0, 0, 0, 0, 0, 0, 0, 0, 0, 0, 0, 0, 0, 0, 0, 0, 0, 0, 0, 0, 0, 0, 0, 0, 0, 0, 0, 0, 0, 0, 0, 0, 0, 0, 0, 0, 0, 0, 0, 0, 0, 0, 0, 0, 0, 0, 0, 0, 0, 0, 0, 0, 0, 0, 0, 0, 0, 0, 0, 0, 0, 0, 0, 0, 0, 0, 0, 0, 0, 0, 0, 0, 0, 0, 0, 0, 0, 0, 0, 0, 0, 0, 0, 0, 0, 0, 0, 0, 0, 0, 0, 0, 0, 0, 0, 0, 0, 0, 0, 0, 0, 0, 0, 0, 0, 0, 0, 0, 0, 0, 0, 0, 0, 0, 0, 0, 0, 0, 0, 0, 0, 0, 0, 0, 0, 0, 0, 0, 0, 0, 0, 0, 0, 0, 0, 0, 0, 0, 0, 0, 0, 0, 0, 0, 0, 0, 0, 0, 0, 0, 0, 0, 0, 0, 0, 0, 0, 0, 70, 0, 0, 0, 0, 0, 0, 0, 0, 0, 0, 0, 0, 0, 0, 0, 0, 0, 0, 0, 0, 0, 0, 0, 0, 0, 73, 73, 0, 0, 0, 0, 0, 0, 0, 0, 0, 0, 0, 0, 0, 0, 0, 0, 0, 0, 0, 0, 0, 0, 0, 0, 0, 76, 0, 0, 0, 0, 0, 0, 0, 0, 0, 0, 0, 0, 0, 0, 0, 0, 0, 0, 0, 0, 0, 0, 0, 0, 0, 0, 0, 0, 0, 0, 0, 0, 0, 0, 0, 0, 0, 0, 0, 0, 0, 0, 0, 0, 0, 0, 0, 0, 0, 0, 0, 0, 0, 0, 0, 0, 0, 0, 0, 0, 0, 0, 0, 0, 0, 0, 0, 0, 0, 0, 0, 0, 0, 0, 0, 0, 0, 0, 0, 0, 0, 0, 0, 0, 0, 0, 0, 0, 0, 0, 0, 0, 0, 0, 0, 0, 0, 0, 0, 0, 0, 0, 0, 0, 0, 0, 0, 0, 0, 0, 0, 0, 0, 0, 0, 0, 0, 0, 0, 0, 0, 0, 0, 0, 0, 0, 0, 0, 0, 0, 0, 0, 0, 0, 0, 0, 0, 0, 0, 0, 0, 0, 0, 0, 0, 0, 0, 0, 0, 0, 0, 0, 0, 0, 0, 0, 0, 0, 0, 0, 0, 0, 0, 0, 0, 0, 0, 0, 0, 0, 0, 0, 0, 0, 0, 0, 0, 0, 0, 0, 0, 0, 0, 0, 0, 0, 0, 0, 0, 0, 0, 0, 0, 0, 0, 0, 0, 0, 0, 0, 0, 0, 0, 0, 0, 0, 0, 0, 0, 0, 0, 0, 0, 0, 0, 0, 0, 0, 0, 0, 0, 0, 0, 0, 0, 0, 0, 0, 0, 0, 0, 0, 0, 0, 0, 0, 0, 0, 0, 0, 0, 0, 0, 0, 0, 0, 0, 0, 0, 0, 0, 0, 0, 0, 0, 0, 0, 0, 0, 0, 0, 0, 0, 0, 0, 0, 0, 0, 0, 0, 0, 0, 0, 0, 0, 0, 0, 0, 0, 0, 0, 0, 0, 0, 0, 0, 0, 0, 0, 0, 0, 0, 0, 0, 0, 0, 0, 0, 0, 0, 0, 0, 0, 0, 0, 0, 0, 0, 0, 0, 0, 0, 0, 0, 0, 0, 0, 0, 0, 0, 0, 0, 0, 0, 0, 0, 0, 0, 0, 0, 0, 0, 0, 0, 0, 0, 0, 0, 0, 0, 0, 0, 0, 0, 0, 0, 0, 0, 0, 0, 0, 0, 0, 0, 0, 0, 0, 0, 0, 0, 0, 0, 0, 0, 0, 0, 0, 0, 0, 0, 0, 0, 0, 0, 0, 0, 0, 0, 0, 0, 0, 0, 0, 0, 0, 0, 0, 0, 0, 0, 0, 0, 0, 0, 0, 0, 0, 0, 0, 0, 0, 0, 0, 0, 0, 0, 0, 0, 0, 0, 0, 0, 0, 0, 0, 0, 0, 0, 0, 0, 0, 0, 0, 0, 0, 0, 0, 0, 0, 0, 0, 0, 0, 0, 0, 0, 0, 0, 0, 0, 0, 0, 0, 0, 0, 0, 0, 0, 0, 0, 0, 0, 0, 0, 0, 0, 0, 0, 0, 0, 0, 0, 0, 0, 0, 0, 0, 0, 0, 0],
         "height":52,
         "name":"Texure",
         "opacity":1,
         "type":"tilelayer",
         "visible":true,
         "width":26,
         "x":0,
         "y":0
        }, 
        {
         "data":[21, 22, 22, 22, 22, 22, 22, 22, 22, 22, 22, 22, 22, 22, 22, 22, 22, 22, 22, 22, 22, 22, 22, 22, 22, 23, 26, 27, 27, 27, 27, 27, 27, 27, 27, 27, 27, 27, 27, 27, 27, 27, 27, 27, 27, 27, 27, 27, 27, 27, 27, 28, 26, 27, 27, 27, 27, 27, 27, 27, 27, 27, 27, 27, 27, 27, 27, 27, 27, 27, 27, 27, 27, 27, 27, 27, 27, 28, 26, 27, 27, 25, 0, 0, 0, 0, 0, 0, 0, 0, 0, 0, 0, 0, 0, 0, 0, 0, 0, 0, 35, 27, 27, 28, 26, 27, 25, 0, 0, 0, 0, 0, 0, 0, 0, 0, 0, 0, 0, 0, 0, 0, 0, 0, 0, 0, 0, 35, 27, 28, 26, 25, 0, 0, 0, 0, 0, 0, 0, 0, 0, 0, 0, 0, 0, 0, 0, 0, 0, 0, 0, 0, 0, 0, 35, 28, 26, 0, 0, 0, 0, 0, 0, 0, 0, 0, 0, 0, 0, 0, 0, 0, 0, 0, 0, 0, 0, 0, 0, 0, 0, 28, 26, 0, 0, 0, 0, 0, 0, 0, 0, 0, 0, 0, 0, 0, 0, 0, 0, 0, 0, 0, 0, 0, 0, 0, 0, 28, 26, 0, 0, 0, 0, 0, 0, 0, 0, 0, 0, 0, 0, 0, 0, 0, 0, 0, 0, 0, 0, 0, 0, 0, 0, 28, 26, 0, 0, 0, 0, 0, 0, 0, 0, 0, 0, 0, 0, 0, 0, 0, 0, 0, 0, 0, 0, 0, 0, 0, 0, 28, 26, 0, 0, 0, 0, 0, 0, 0, 0, 0, 0, 0, 0, 0, 0, 0, 0, 0, 0, 0, 0, 0, 0, 0, 0, 28, 26, 30, 0, 0, 0, 0, 0, 0, 0, 0, 0, 0, 0, 0, 0, 0, 0, 0, 0, 0, 0, 0, 0, 0, 27, 28, 26, 25, 0, 0, 0, 0, 0, 0, 0, 0, 0, 0, 0, 0, 0, 0, 0, 0, 0, 0, 0, 0, 0, 0, 0, 28, 26, 0, 0, 0, 0, 0, 0, 0, 0, 0, 0, 0, 0, 0, 0, 0, 0, 0, 0, 0, 0, 0, 0, 0, 0, 28, 26, 0, 0, 0, 0, 0, 0, 0, 0, 0, 0, 0, 0, 0, 0, 0, 0, 0, 0, 0, 0, 0, 0, 0, 0, 28, 26, 0, 0, 0, 0, 0, 0, 0, 0, 0, 0, 0, 0, 0, 0, 0, 0, 0, 0, 0, 0, 0, 0, 0, 27, 28, 26, 0, 0, 0, 0, 0, 0, 0, 0, 0, 0, 0, 0, 0, 0, 0, 0, 0, 0, 0, 0, 0, 0, 0, 0, 28, 26, 0, 0, 0, 0, 0, 0, 0, 0, 0, 0, 0, 0, 0, 0, 0, 0, 0, 0, 0, 0, 0, 0, 0, 0, 28, 26, 0, 0, 0, 0, 0, 0, 0, 0, 0, 0, 0, 0, 0, 0, 0, 0, 0, 0, 0, 0, 0, 0, 0, 0, 28, 26, 27, 0, 0, 0, 0, 0, 0, 0, 0, 0, 0, 0, 0, 0, 0, 0, 0, 0, 0, 0, 0, 0, 0, 40, 28, 26, 0, 0, 0, 0, 27, 27, 27, 25, 0, 0, 0, 0, 0, 0, 0, 0, 35, 27, 27, 27, 27, 27, 27, 27, 28, 26, 0, 0, 0, 0, 0, 0, 0, 0, 0, 0, 0, 0, 0, 0, 0, 0, 0, 0, 0, 0, 0, 35, 27, 27, 28, 26, 0, 0, 0, 0, 0, 0, 0, 0, 0, 0, 0, 0, 0, 0, 0, 0, 0, 0, 0, 0, 0, 0, 35, 27, 28, 26, 27, 0, 0, 0, 0, 0, 0, 0, 0, 0, 0, 0, 0, 0, 0, 0, 0, 0, 0, 0, 0, 0, 0, 35, 28, 26, 0, 0, 0, 0, 0, 0, 0, 0, 0, 0, 0, 0, 0, 0, 0, 0, 0, 0, 0, 0, 0, 0, 0, 0, 28, 26, 0, 0, 0, 0, 0, 0, 0, 0, 0, 0, 0, 0, 0, 0, 0, 0, 0, 0, 0, 0, 0, 0, 0, 0, 28, 26, 0, 0, 0, 0, 0, 0, 0, 0, 0, 0, 0, 0, 0, 0, 0, 0, 0, 0, 0, 0, 0, 0, 0, 0, 28, 26, 27, 0, 0, 0, 0, 0, 0, 0, 0, 0, 0, 0, 0, 0, 0, 0, 0, 0, 0, 0, 0, 0, 0, 0, 28, 26, 0, 0, 0, 0, 0, 0, 0, 0, 0, 0, 0, 0, 0, 0, 0, 0, 0, 0, 0, 0, 0, 0, 0, 0, 28, 26, 0, 0, 0, 0, 0, 0, 0, 0, 0, 0, 0, 0, 0, 0, 0, 0, 0, 0, 0, 0, 0, 0, 0, 0, 28, 26, 0, 0, 0, 0, 0, 0, 0, 0, 0, 0, 0, 0, 0, 0, 0, 0, 0, 0, 0, 0, 0, 0, 0, 0, 28, 26, 30, 0, 0, 0, 0, 0, 0, 0, 0, 0, 0, 0, 0, 0, 0, 0, 0, 0, 0, 0, 0, 0, 0, 27, 28, 26, 27, 27, 27, 27, 27, 25, 0, 0, 0, 0, 0, 0, 0, 0, 0, 0, 0, 0, 35, 27, 0, 0, 0, 0, 28, 26, 27, 27, 25, 0, 0, 0, 0, 0, 0, 0, 0, 0, 0, 0, 0, 0, 0, 0, 0, 0, 0, 0, 0, 0, 28, 26, 27, 25, 0, 0, 0, 0, 0, 0, 0, 0, 0, 0, 0, 0, 0, 0, 0, 0, 0, 0, 0, 0, 0, 0, 28, 26, 25, 0, 0, 0, 0, 0, 0, 0, 0, 0, 0, 0, 0, 0, 0, 0, 0, 0, 0, 0, 0, 0, 0, 27, 28, 0, 0, 0, 0, 0, 0, 0, 0, 0, 0, 0, 0, 0, 0, 0, 0, 0, 0, 0, 0, 0, 0, 0, 0, 0, 28, 0, 0, 0, 0, 0, 0, 0, 0, 0, 0, 0, 0, 0, 0, 0, 0, 0, 0, 0, 0, 0, 0, 0, 0, 0, 28, 0, 0, 0, 0, 0, 0, 0, 0, 0, 0, 0, 0, 0, 0, 0, 0, 0, 0, 0, 0, 0, 0, 0, 0, 0, 28, 0, 0, 0, 0, 0, 0, 0, 0, 0, 0, 0, 0, 0, 0, 0, 0, 0, 0, 0, 0, 0, 0, 0, 0, 40, 28, 26, 27, 27, 27, 27, 27, 27, 0, 0, 0, 0, 0, 0, 0, 0, 0, 0, 0, 0, 35, 27, 27, 27, 27, 27, 28, 26, 27, 27, 27, 0, 0, 0, 0, 0, 0, 0, 0, 0, 0, 0, 0, 0, 0, 0, 0, 0, 0, 35, 27, 27, 28, 26, 27, 27, 0, 0, 0, 0, 0, 0, 0, 0, 0, 0, 0, 0, 0, 0, 0, 0, 0, 0, 0, 0, 35, 27, 28, 26, 27, 0, 0, 0, 0, 0, 0, 0, 0, 0, 0, 0, 0, 0, 0, 0, 0, 0, 0, 0, 0, 0, 0, 35, 28, 26, 0, 0, 0, 0, 0, 0, 0, 0, 0, 0, 0, 0, 0, 0, 0, 0, 0, 0, 0, 0, 0, 0, 0, 0, 28, 26, 0, 0, 0, 0, 0, 0, 0, 0, 0, 0, 0, 0, 0, 0, 0, 0, 0, 0, 0, 0, 0, 0, 0, 0, 28, 26, 0, 0, 0, 0, 0, 0, 0, 0, 0, 0, 0, 0, 0, 0, 0, 0, 0, 0, 0, 0, 0, 0, 0, 0, 28, 26, 30, 0, 0, 0, 0, 0, 0, 0, 0, 0, 0, 0, 0, 0, 0, 0, 0, 0, 0, 0, 0, 0, 0, 40, 28, 26, 27, 27, 27, 27, 27, 27, 27, 27, 27, 27, 27, 27, 27, 27, 27, 27, 27, 27, 27, 27, 27, 27, 27, 27, 28, 26, 27, 27, 27, 27, 27, 27, 27, 27, 27, 27, 27, 27, 27, 27, 27, 27, 27, 27, 27, 27, 27, 27, 27, 27, 28, 26, 27, 27, 27, 27, 27, 27, 27, 27, 27, 27, 27, 27, 27, 27, 27, 27, 27, 27, 27, 27, 27, 27, 27, 27, 28, 31, 32, 32, 32, 32, 32, 32, 32, 32, 32, 32, 32, 32, 32, 32, 32, 32, 32, 32, 32, 32, 32, 32, 32, 32, 33],
         "height":52,
         "name":"No Collision BackGround",
         "opacity":1,
         "type":"tilelayer",
         "visible":true,
         "width":26,
         "x":0,
         "y":0
        }, 
        {
         "data":[0, 0, 0, 0, 0, 0, 0, 0, 0, 0, 0, 0, 0, 0, 0, 0, 0, 0, 0, 0, 0, 0, 0, 0, 0, 0, 0, 0, 0, 0, 0, 0, 0, 0, 0, 0, 0, 0, 0, 0, 0, 0, 0, 0, 0, 0, 0, 0, 0, 0, 0, 0, 0, 0, 0, 0, 0, 0, 0, 0, 0, 0, 0, 0, 0, 0, 0, 0, 0, 0, 0, 0, 0, 0, 0, 0, 0, 0, 0, 0, 0, 0, 12, 12, 12, 12, 12, 12, 12, 12, 12, 12, 12, 12, 12, 12, 12, 12, 12, 12, 0, 0, 0, 0, 0, 0, 0, 13, 0, 0, 0, 0, 0, 0, 0, 0, 0, 0, 0, 0, 0, 0, 0, 0, 0, 0, 11, 0, 0, 0, 0, 0, 13, 0, 0, 0, 0, 0, 0, 0, 0, 0, 0, 0, 0, 0, 0, 0, 0, 0, 0, 0, 0, 11, 0, 0, 0, 8, 0, 0, 0, 0, 0, 0, 0, 0, 0, 0, 0, 0, 0, 0, 0, 0, 0, 0, 0, 0, 0, 0, 6, 0, 0, 8, 0, 0, 0, 0, 0, 0, 0, 0, 0, 0, 0, 0, 0, 0, 0, 0, 0, 0, 0, 0, 0, 0, 6, 0, 0, 8, 0, 0, 0, 0, 0, 0, 0, 0, 0, 0, 0, 0, 0, 0, 0, 0, 0, 0, 0, 0, 0, 0, 6, 0, 0, 8, 0, 0, 0, 0, 0, 0, 0, 0, 0, 0, 0, 0, 0, 0, 0, 0, 0, 0, 0, 0, 0, 0, 6, 0, 0, 8, 0, 0, 0, 0, 0, 0, 0, 0, 0, 0, 0, 0, 0, 0, 0, 0, 0, 0, 0, 0, 0, 0, 6, 0, 0, 0, 2, 2, 2, 3, 0, 0, 0, 0, 0, 0, 0, 0, 0, 0, 0, 0, 0, 0, 1, 3, 0, 16, 0, 0, 0, 0, 12, 12, 12, 13, 0, 0, 0, 0, 0, 0, 0, 0, 0, 0, 0, 0, 0, 0, 6, 8, 0, 0, 6, 0, 0, 8, 0, 0, 0, 0, 0, 0, 0, 0, 0, 0, 0, 0, 0, 0, 0, 0, 0, 0, 11, 12, 18, 0, 6, 0, 0, 8, 0, 0, 0, 0, 0, 0, 0, 0, 0, 0, 0, 0, 0, 0, 0, 0, 0, 0, 0, 0, 0, 0, 6, 0, 0, 8, 0, 0, 0, 0, 0, 0, 0, 0, 0, 0, 0, 0, 0, 0, 0, 0, 0, 0, 0, 0, 0, 16, 0, 0, 0, 8, 0, 0, 0, 0, 0, 0, 0, 0, 0, 0, 0, 0, 0, 0, 0, 0, 0, 0, 0, 0, 0, 0, 6, 0, 0, 8, 0, 0, 0, 0, 0, 0, 0, 0, 0, 0, 0, 0, 0, 0, 0, 0, 0, 0, 0, 0, 19, 0, 6, 0, 0, 8, 0, 0, 0, 0, 0, 0, 0, 0, 0, 0, 0, 0, 0, 0, 0, 0, 0, 0, 0, 0, 0, 0, 6, 0, 0, 0, 18, 0, 1, 2, 2, 2, 2, 3, 0, 0, 0, 0, 0, 0, 1, 2, 2, 2, 2, 2, 2, 2, 0, 0, 0, 8, 0, 0, 6, 0, 0, 0, 0, 13, 0, 0, 0, 0, 0, 0, 11, 0, 0, 0, 0, 0, 0, 0, 0, 0, 0, 8, 0, 16, 12, 12, 12, 12, 13, 0, 0, 0, 0, 0, 0, 0, 0, 11, 12, 12, 12, 12, 0, 0, 0, 0, 0, 8, 0, 0, 0, 0, 0, 0, 0, 0, 0, 0, 0, 0, 0, 0, 0, 0, 0, 0, 0, 0, 11, 0, 0, 0, 0, 0, 18, 0, 0, 0, 0, 0, 0, 0, 0, 0, 0, 0, 0, 0, 0, 0, 0, 0, 0, 0, 0, 11, 0, 0, 0, 8, 0, 0, 0, 0, 0, 0, 0, 0, 0, 0, 0, 0, 0, 0, 0, 0, 0, 0, 0, 0, 0, 0, 6, 0, 0, 8, 0, 19, 0, 0, 0, 0, 0, 0, 0, 0, 1, 3, 0, 0, 0, 0, 0, 0, 0, 0, 0, 0, 6, 0, 0, 8, 0, 0, 0, 0, 0, 0, 0, 0, 0, 0, 11, 13, 0, 0, 0, 0, 0, 0, 0, 0, 0, 0, 6, 0, 0, 0, 18, 0, 0, 0, 0, 0, 0, 0, 0, 0, 0, 0, 0, 0, 0, 0, 0, 0, 0, 0, 0, 0, 6, 0, 0, 8, 0, 0, 0, 0, 0, 0, 0, 0, 0, 0, 0, 0, 0, 0, 0, 0, 0, 0, 0, 0, 0, 0, 6, 0, 0, 8, 0, 19, 0, 0, 0, 0, 0, 0, 0, 0, 0, 0, 0, 0, 0, 0, 0, 0, 0, 0, 0, 0, 6, 0, 0, 8, 0, 0, 0, 0, 0, 0, 0, 0, 0, 0, 0, 0, 0, 0, 0, 0, 0, 0, 0, 0, 0, 0, 6, 0, 0, 0, 2, 2, 2, 2, 2, 3, 0, 0, 0, 0, 0, 0, 0, 0, 0, 0, 1, 2, 2, 3, 0, 16, 0, 0, 0, 0, 0, 0, 0, 0, 0, 13, 0, 0, 0, 0, 0, 0, 0, 0, 0, 0, 11, 0, 0, 8, 0, 0, 6, 0, 0, 0, 0, 0, 12, 12, 13, 0, 0, 0, 0, 0, 0, 0, 0, 0, 0, 0, 0, 11, 12, 12, 18, 0, 6, 0, 0, 0, 0, 13, 0, 0, 0, 0, 0, 0, 0, 0, 0, 0, 0, 0, 0, 0, 0, 0, 0, 0, 0, 0, 6, 0, 0, 0, 13, 0, 0, 0, 0, 0, 0, 0, 0, 0, 0, 0, 0, 0, 0, 0, 0, 0, 0, 0, 0, 16, 0, 0, 11, 13, 0, 0, 0, 0, 0, 0, 0, 0, 0, 0, 0, 0, 0, 0, 0, 0, 0, 0, 0, 0, 0, 0, 6, 0, 0, 0, 0, 0, 0, 0, 0, 0, 0, 0, 0, 0, 0, 0, 0, 0, 0, 0, 0, 0, 0, 0, 19, 0, 6, 0, 0, 0, 0, 0, 0, 0, 0, 0, 0, 0, 0, 0, 0, 0, 0, 0, 0, 0, 0, 0, 0, 0, 0, 0, 6, 0, 1, 2, 2, 2, 2, 2, 2, 3, 0, 0, 1, 3, 0, 0, 1, 3, 0, 0, 1, 2, 2, 2, 2, 2, 0, 0, 0, 0, 0, 0, 0, 0, 0, 13, 0, 0, 11, 13, 0, 0, 11, 13, 0, 0, 11, 0, 0, 0, 0, 0, 0, 0, 0, 0, 0, 0, 12, 12, 13, 0, 19, 0, 0, 0, 0, 0, 0, 0, 0, 0, 0, 11, 12, 12, 0, 0, 0, 0, 0, 0, 0, 13, 0, 0, 0, 0, 0, 0, 0, 0, 0, 0, 0, 0, 0, 0, 0, 0, 0, 0, 11, 0, 0, 0, 0, 0, 13, 0, 0, 0, 0, 0, 0, 19, 0, 0, 0, 0, 0, 0, 0, 0, 0, 0, 0, 0, 0, 11, 0, 0, 0, 8, 0, 0, 0, 0, 0, 0, 0, 0, 0, 0, 0, 0, 0, 0, 0, 0, 0, 0, 0, 0, 0, 0, 6, 0, 0, 8, 0, 0, 0, 0, 0, 0, 0, 0, 19, 0, 0, 0, 0, 0, 0, 0, 0, 0, 0, 0, 0, 0, 6, 0, 0, 8, 0, 0, 0, 0, 0, 0, 0, 0, 0, 0, 0, 0, 0, 0, 0, 0, 0, 0, 0, 0, 0, 0, 6, 0, 0, 0, 2, 2, 2, 2, 2, 2, 2, 2, 2, 2, 2, 2, 2, 2, 2, 2, 2, 2, 2, 2, 2, 2, 0, 0, 0, 0, 0, 0, 0, 0, 0, 0, 0, 0, 0, 0, 0, 0, 0, 0, 0, 0, 0, 0, 0, 0, 0, 0, 0, 0, 0, 0, 0, 0, 0, 0, 0, 0, 0, 0, 0, 0, 0, 0, 0, 0, 0, 0, 0, 0, 0, 0, 0, 0, 0, 0, 0, 0, 0, 0, 0, 0, 0, 0, 0, 0, 0, 0, 0, 0, 0, 0, 0, 0, 0, 0, 0, 0, 0, 0, 0, 0, 0, 0, 0, 0, 0, 0, 0, 0, 0, 0, 0, 0, 0, 0, 0, 0, 0, 0, 0, 0, 0, 0, 0, 0, 0, 0],
         "height":52,
         "name":"BackGround",
         "opacity":1,
         "type":"tilelayer",
         "visible":true,
         "width":26,
         "x":0,
         "y":0
        }, 
        {
         "draworder":"topdown",
         "height":0,
         "name":"ObjectsGround",
         "objects":[
                {
                 "gid":50,
                 "height":40,
                 "id":39,
                 "name":"",
                 "rotation":0,
                 "type":"",
                 "visible":true,
                 "width":40,
                 "x":124,
                 "y":324
                }],
         "opacity":1,
         "type":"objectgroup",
         "visible":true,
         "width":0,
         "x":0,
         "y":0
        }, 
        {
         "draworder":"topdown",
         "height":0,
         "name":"Objects",
         "objects":[
                {
                 "gid":44,
                 "height":64,
                 "id":27,
                 "name":"GreenBox1-2",
                 "properties":
                    {
                     "GreenBox":"xxBB\nxxBB\nxxxx\nxxxx"
                    },
                 "propertytypes":
                    {
                     "GreenBox":"string"
                    },
                 "rotation":0,
                 "type":"",
                 "visible":true,
                 "width":64,
                 "x":448,
                 "y":1056
                }, 
                {
                 "gid":44,
                 "height":64,
                 "id":29,
                 "name":"GreenBox1-1",
                 "properties":
                    {
                     "GreenBox":"xxxx\nxxxx\nxWxx\nxxxx"
                    },
                 "propertytypes":
                    {
                     "GreenBox":"string"
                    },
                 "rotation":0,
                 "type":"",
                 "visible":true,
                 "width":64,
                 "x":320,
                 "y":1056
                }, 
                {
                 "gid":44,
                 "height":64,
                 "id":30,
                 "name":"GreenBox2-1",
                 "properties":
                    {
                     "GreenBox":"xxxx\nxBBx\nxBBx\nxxxx"
                    },
                 "propertytypes":
                    {
                     "GreenBox":"string"
                    },
                 "rotation":0,
                 "type":"",
                 "visible":true,
                 "width":64,
                 "x":384,
                 "y":672
                }, 
                {
                 "gid":44,
                 "height":64,
                 "id":31,
                 "name":"GreenBox3-1",
                 "properties":
                    {
                     "GreenBox":"xxxx\nxxxx\nRRxx\nxxxx"
                    },
                 "propertytypes":
                    {
                     "GreenBox":"string"
                    },
                 "rotation":0,
                 "type":"",
                 "visible":true,
                 "width":64,
                 "x":512,
                 "y":416
                }, 
                {
                 "gid":44,
                 "height":64,
                 "id":32,
                 "name":"GreenBox3-2",
                 "properties":
                    {
                     "GreenBox":"xxxx\nxxxW\nxxxx\nxxxx"
                    },
                 "propertytypes":
                    {
                     "GreenBox":"string"
                    },
                 "rotation":0,
                 "type":"",
                 "visible":true,
                 "width":64,
                 "x":384,
                 "y":416
                }, 
                {
                 "gid":44,
                 "height":64,
                 "id":33,
                 "name":"GreenBox3-3",
                 "properties":
                    {
                     "GreenBox":"xxRR\nxxxx\nxxxx\nxxxx"
                    },
                 "propertytypes":
                    {
                     "GreenBox":"string"
                    },
                 "rotation":0,
                 "type":"",
                 "visible":true,
                 "width":64,
                 "x":256,
                 "y":416
                }, 
                {
                 "gid":46,
                 "height":32,
                 "id":35,
                 "name":"",
                 "rotation":0,
                 "type":"",
                 "visible":true,
                 "width":32,
                 "x":0,
                 "y":1248
                }, 
                {
                 "gid":49,
                 "height":32,
                 "id":36,
                 "name":"GreenGem",
                 "properties":
                    {
                     "include":"Gem"
                    },
                 "propertytypes":
                    {
                     "include":"string"
                    },
                 "rotation":0,
                 "type":"",
                 "visible":true,
                 "width":32,
                 "x":128,
                 "y":320
                }],
         "opacity":1,
         "type":"objectgroup",
         "visible":true,
         "width":0,
         "x":0,
         "y":0
        }],
 "nextobjectid":40,
 "orientation":"orthogonal",
 "renderorder":"right-down",
 "tileheight":32,
 "tilesets":[
        {
         "columns":5,
         "firstgid":1,
         "image":"..\/Bitmap\/TileGreen.bmp",
         "imageheight":128,
         "imagewidth":160,
         "margin":0,
         "name":"Collision Ground",
         "spacing":0,
         "tilecount":20,
         "tileheight":32,
         "tiles":
            {
             "0":
                {
                 "objectgroup":
                    {
                     "draworder":"index",
                     "height":0,
                     "name":"",
                     "objects":[
                            {
                             "height":0,
                             "id":4,
                             "name":"",
                             "polygon":[
                                    {
                                     "x":0,
                                     "y":0
                                    }, 
                                    {
                                     "x":0,
                                     "y":32
                                    }, 
                                    {
                                     "x":32,
                                     "y":32
                                    }, 
                                    {
                                     "x":32,
                                     "y":0
                                    }],
                             "rotation":0,
                             "type":"",
                             "visible":true,
                             "width":0,
                             "x":0,
                             "y":0
                            }],
                     "opacity":1,
                     "type":"objectgroup",
                     "visible":true,
                     "width":0,
                     "x":0,
                     "y":0
                    }
                },
             "1":
                {
                 "objectgroup":
                    {
                     "draworder":"index",
                     "height":0,
                     "name":"",
                     "objects":[
                            {
                             "height":0,
                             "id":1,
                             "name":"",
                             "polygon":[
                                    {
                                     "x":0,
                                     "y":0
                                    }, 
                                    {
                                     "x":0,
                                     "y":32
                                    }, 
                                    {
                                     "x":32,
                                     "y":32
                                    }, 
                                    {
                                     "x":32,
                                     "y":0
                                    }],
                             "rotation":0,
                             "type":"",
                             "visible":true,
                             "width":0,
                             "x":0,
                             "y":0
                            }],
                     "opacity":1,
                     "type":"objectgroup",
                     "visible":true,
                     "width":0,
                     "x":0,
                     "y":0
                    }
                },
             "10":
                {
                 "objectgroup":
                    {
                     "draworder":"index",
                     "height":0,
                     "name":"",
                     "objects":[
                            {
                             "height":0,
                             "id":1,
                             "name":"",
                             "polygon":[
                                    {
                                     "x":0,
                                     "y":0
                                    }, 
                                    {
                                     "x":0,
                                     "y":32
                                    }, 
                                    {
                                     "x":32,
                                     "y":32
                                    }, 
                                    {
                                     "x":32,
                                     "y":0
                                    }],
                             "rotation":0,
                             "type":"",
                             "visible":true,
                             "width":0,
                             "x":0,
                             "y":0
                            }],
                     "opacity":1,
                     "type":"objectgroup",
                     "visible":true,
                     "width":0,
                     "x":0,
                     "y":0
                    }
                },
             "11":
                {
                 "objectgroup":
                    {
                     "draworder":"index",
                     "height":0,
                     "name":"",
                     "objects":[
                            {
                             "height":0,
                             "id":1,
                             "name":"",
                             "polygon":[
                                    {
                                     "x":0,
                                     "y":0
                                    }, 
                                    {
                                     "x":0,
                                     "y":32
                                    }, 
                                    {
                                     "x":32,
                                     "y":32
                                    }, 
                                    {
                                     "x":32,
                                     "y":0
                                    }],
                             "rotation":0,
                             "type":"",
                             "visible":true,
                             "width":0,
                             "x":0,
                             "y":0
                            }],
                     "opacity":1,
                     "type":"objectgroup",
                     "visible":true,
                     "width":0,
                     "x":0,
                     "y":0
                    }
                },
             "12":
                {
                 "objectgroup":
                    {
                     "draworder":"index",
                     "height":0,
                     "name":"",
                     "objects":[
                            {
                             "height":0,
                             "id":1,
                             "name":"",
                             "polygon":[
                                    {
                                     "x":0,
                                     "y":0
                                    }, 
                                    {
                                     "x":0,
                                     "y":32
                                    }, 
                                    {
                                     "x":32,
                                     "y":32
                                    }, 
                                    {
                                     "x":32,
                                     "y":0
                                    }],
                             "rotation":0,
                             "type":"",
                             "visible":true,
                             "width":0,
                             "x":0,
                             "y":0
                            }],
                     "opacity":1,
                     "type":"objectgroup",
                     "visible":true,
                     "width":0,
                     "x":0,
                     "y":0
                    }
                },
             "13":
                {
                 "objectgroup":
                    {
                     "draworder":"index",
                     "height":0,
                     "name":"",
                     "objects":[
                            {
                             "height":0,
                             "id":1,
                             "name":"",
                             "polygon":[
                                    {
                                     "x":0,
                                     "y":0
                                    }, 
                                    {
                                     "x":0,
                                     "y":32
                                    }, 
                                    {
                                     "x":32,
                                     "y":32
                                    }, 
                                    {
                                     "x":32,
                                     "y":0
                                    }],
                             "rotation":0,
                             "type":"",
                             "visible":true,
                             "width":0,
                             "x":0,
                             "y":0
                            }],
                     "opacity":1,
                     "type":"objectgroup",
                     "visible":true,
                     "width":0,
                     "x":0,
                     "y":0
                    }
                },
             "14":
                {
                 "objectgroup":
                    {
                     "draworder":"index",
                     "height":0,
                     "name":"",
                     "objects":[
                            {
                             "height":0,
                             "id":1,
                             "name":"",
                             "polygon":[
                                    {
                                     "x":0,
                                     "y":0
                                    }, 
                                    {
                                     "x":0,
                                     "y":32
                                    }, 
                                    {
                                     "x":32,
                                     "y":32
                                    }, 
                                    {
                                     "x":32,
                                     "y":0
                                    }],
                             "rotation":0,
                             "type":"",
                             "visible":true,
                             "width":0,
                             "x":0,
                             "y":0
                            }],
                     "opacity":1,
                     "type":"objectgroup",
                     "visible":true,
                     "width":0,
                     "x":0,
                     "y":0
                    }
                },
             "15":
                {
                 "objectgroup":
                    {
                     "draworder":"index",
                     "height":0,
                     "name":"",
                     "objects":[
                            {
                             "height":0,
                             "id":1,
                             "name":"",
                             "polygon":[
                                    {
                                     "x":0,
                                     "y":0
                                    }, 
                                    {
                                     "x":0,
                                     "y":32
                                    }, 
                                    {
                                     "x":32,
                                     "y":32
                                    }, 
                                    {
                                     "x":32,
                                     "y":0
                                    }],
                             "rotation":0,
                             "type":"",
                             "visible":true,
                             "width":0,
                             "x":0,
                             "y":0
                            }],
                     "opacity":1,
                     "type":"objectgroup",
                     "visible":true,
                     "width":0,
                     "x":0,
                     "y":0
                    }
                },
             "16":
                {
                 "objectgroup":
                    {
                     "draworder":"index",
                     "height":0,
                     "name":"",
                     "objects":[
                            {
                             "height":0,
                             "id":2,
                             "name":"",
                             "polygon":[
                                    {
                                     "x":0,
                                     "y":0
                                    }, 
                                    {
                                     "x":0,
                                     "y":32
                                    }, 
                                    {
                                     "x":32,
                                     "y":32
                                    }, 
                                    {
                                     "x":32,
                                     "y":0
                                    }],
                             "rotation":0,
                             "type":"",
                             "visible":true,
                             "width":0,
                             "x":0,
                             "y":0
                            }],
                     "opacity":1,
                     "type":"objectgroup",
                     "visible":true,
                     "width":0,
                     "x":0,
                     "y":0
                    }
                },
             "17":
                {
                 "objectgroup":
                    {
                     "draworder":"index",
                     "height":0,
                     "name":"",
                     "objects":[
                            {
                             "height":0,
                             "id":1,
                             "name":"",
                             "polygon":[
                                    {
                                     "x":0,
                                     "y":0
                                    }, 
                                    {
                                     "x":0,
                                     "y":32
                                    }, 
                                    {
                                     "x":32,
                                     "y":32
                                    }, 
                                    {
                                     "x":32,
                                     "y":0
                                    }],
                             "rotation":0,
                             "type":"",
                             "visible":true,
                             "width":0,
                             "x":0,
                             "y":0
                            }],
                     "opacity":1,
                     "type":"objectgroup",
                     "visible":true,
                     "width":0,
                     "x":0,
                     "y":0
                    }
                },
             "18":
                {
                 "objectgroup":
                    {
                     "draworder":"index",
                     "height":0,
                     "name":"",
                     "objects":[
                            {
                             "height":0,
                             "id":1,
                             "name":"",
                             "polygon":[
                                    {
                                     "x":0,
                                     "y":0
                                    }, 
                                    {
                                     "x":0,
                                     "y":32
                                    }, 
                                    {
                                     "x":32,
                                     "y":32
                                    }, 
                                    {
                                     "x":32,
                                     "y":0
                                    }],
                             "rotation":0,
                             "type":"",
                             "visible":true,
                             "width":0,
                             "x":0,
                             "y":0
                            }],
                     "opacity":1,
                     "type":"objectgroup",
                     "visible":true,
                     "width":0,
                     "x":0,
                     "y":0
                    }
                },
             "19":
                {
                 "objectgroup":
                    {
                     "draworder":"index",
                     "height":0,
                     "name":"",
                     "objects":[
                            {
                             "height":0,
                             "id":1,
                             "name":"",
                             "polygon":[
                                    {
                                     "x":0,
                                     "y":0
                                    }, 
                                    {
                                     "x":0,
                                     "y":32
                                    }, 
                                    {
                                     "x":32,
                                     "y":32
                                    }, 
                                    {
                                     "x":32,
                                     "y":0
                                    }],
                             "rotation":0,
                             "type":"",
                             "visible":true,
                             "width":0,
                             "x":0,
                             "y":0
                            }],
                     "opacity":1,
                     "type":"objectgroup",
                     "visible":true,
                     "width":0,
                     "x":0,
                     "y":0
                    }
                },
             "2":
                {
                 "objectgroup":
                    {
                     "draworder":"index",
                     "height":0,
                     "name":"",
                     "objects":[
                            {
                             "height":0,
                             "id":2,
                             "name":"",
                             "polygon":[
                                    {
                                     "x":0,
                                     "y":0
                                    }, 
                                    {
                                     "x":0,
                                     "y":32
                                    }, 
                                    {
                                     "x":32,
                                     "y":32
                                    }, 
                                    {
                                     "x":32,
                                     "y":0
                                    }],
                             "rotation":0,
                             "type":"",
                             "visible":true,
                             "width":0,
                             "x":0,
                             "y":0
                            }],
                     "opacity":1,
                     "type":"objectgroup",
                     "visible":true,
                     "width":0,
                     "x":0,
                     "y":0
                    }
                },
             "3":
                {
                 "objectgroup":
                    {
                     "draworder":"index",
                     "height":0,
                     "name":"",
                     "objects":[
                            {
                             "height":0,
                             "id":1,
                             "name":"",
                             "polygon":[
                                    {
                                     "x":0,
                                     "y":0
                                    }, 
                                    {
                                     "x":0,
                                     "y":32
                                    }, 
                                    {
                                     "x":32,
                                     "y":32
                                    }, 
                                    {
                                     "x":32,
                                     "y":0
                                    }],
                             "rotation":0,
                             "type":"",
                             "visible":true,
                             "width":0,
                             "x":0,
                             "y":0
                            }],
                     "opacity":1,
                     "type":"objectgroup",
                     "visible":true,
                     "width":0,
                     "x":0,
                     "y":0
                    }
                },
             "4":
                {
                 "objectgroup":
                    {
                     "draworder":"index",
                     "height":0,
                     "name":"",
                     "objects":[
                            {
                             "height":0,
                             "id":1,
                             "name":"",
                             "polygon":[
                                    {
                                     "x":0,
                                     "y":0
                                    }, 
                                    {
                                     "x":0,
                                     "y":32
                                    }, 
                                    {
                                     "x":32,
                                     "y":32
                                    }, 
                                    {
                                     "x":32,
                                     "y":0
                                    }],
                             "rotation":0,
                             "type":"",
                             "visible":true,
                             "width":0,
                             "x":0,
                             "y":0
                            }],
                     "opacity":1,
                     "type":"objectgroup",
                     "visible":true,
                     "width":0,
                     "x":0,
                     "y":0
                    }
                },
             "5":
                {
                 "objectgroup":
                    {
                     "draworder":"index",
                     "height":0,
                     "name":"",
                     "objects":[
                            {
                             "height":0,
                             "id":1,
                             "name":"",
                             "polygon":[
                                    {
                                     "x":0,
                                     "y":0
                                    }, 
                                    {
                                     "x":0,
                                     "y":32
                                    }, 
                                    {
                                     "x":32,
                                     "y":32
                                    }, 
                                    {
                                     "x":32,
                                     "y":0
                                    }],
                             "rotation":0,
                             "type":"",
                             "visible":true,
                             "width":0,
                             "x":0,
                             "y":0
                            }],
                     "opacity":1,
                     "type":"objectgroup",
                     "visible":true,
                     "width":0,
                     "x":0,
                     "y":0
                    }
                },
             "6":
                {
                 "objectgroup":
                    {
                     "draworder":"index",
                     "height":0,
                     "name":"",
                     "objects":[
                            {
                             "height":0,
                             "id":1,
                             "name":"",
                             "polygon":[
                                    {
                                     "x":0,
                                     "y":0
                                    }, 
                                    {
                                     "x":0,
                                     "y":32
                                    }, 
                                    {
                                     "x":32,
                                     "y":32
                                    }, 
                                    {
                                     "x":32,
                                     "y":0
                                    }],
                             "rotation":0,
                             "type":"",
                             "visible":true,
                             "width":0,
                             "x":0,
                             "y":0
                            }],
                     "opacity":1,
                     "type":"objectgroup",
                     "visible":true,
                     "width":0,
                     "x":0,
                     "y":0
                    }
                },
             "7":
                {
                 "objectgroup":
                    {
                     "draworder":"index",
                     "height":0,
                     "name":"",
                     "objects":[
                            {
                             "height":0,
                             "id":1,
                             "name":"",
                             "polygon":[
                                    {
                                     "x":0,
                                     "y":0
                                    }, 
                                    {
                                     "x":0,
                                     "y":32
                                    }, 
                                    {
                                     "x":32,
                                     "y":32
                                    }, 
                                    {
                                     "x":32,
                                     "y":0
                                    }],
                             "rotation":0,
                             "type":"",
                             "visible":true,
                             "width":0,
                             "x":0,
                             "y":0
                            }],
                     "opacity":1,
                     "type":"objectgroup",
                     "visible":true,
                     "width":0,
                     "x":0,
                     "y":0
                    }
                },
             "8":
                {
                 "objectgroup":
                    {
                     "draworder":"index",
                     "height":0,
                     "name":"",
                     "objects":[
                            {
                             "height":0,
                             "id":1,
                             "name":"",
                             "polygon":[
                                    {
                                     "x":0,
                                     "y":0
                                    }, 
                                    {
                                     "x":0,
                                     "y":32
                                    }, 
                                    {
                                     "x":32,
                                     "y":32
                                    }, 
                                    {
                                     "x":32,
                                     "y":0
                                    }],
                             "rotation":0,
                             "type":"",
                             "visible":true,
                             "width":0,
                             "x":0,
                             "y":0
                            }],
                     "opacity":1,
                     "type":"objectgroup",
                     "visible":true,
                     "width":0,
                     "x":0,
                     "y":0
                    }
                },
             "9":
                {
                 "objectgroup":
                    {
                     "draworder":"index",
                     "height":0,
                     "name":"",
                     "objects":[
                            {
                             "height":0,
                             "id":1,
                             "name":"",
                             "polygon":[
                                    {
                                     "x":0,
                                     "y":0
                                    }, 
                                    {
                                     "x":0,
                                     "y":32
                                    }, 
                                    {
                                     "x":32,
                                     "y":32
                                    }, 
                                    {
                                     "x":32,
                                     "y":0
                                    }],
                             "rotation":0,
                             "type":"",
                             "visible":true,
                             "width":0,
                             "x":0,
                             "y":0
                            }],
                     "opacity":1,
                     "type":"objectgroup",
                     "visible":true,
                     "width":0,
                     "x":0,
                     "y":0
                    }
                }
            },
         "tilewidth":32
        }, 
        {
         "columns":5,
         "firstgid":21,
         "image":"..\/Bitmap\/TileGreen.bmp",
         "imageheight":128,
         "imagewidth":160,
         "margin":0,
         "name":"No Collision Ground",
         "spacing":0,
         "tilecount":20,
         "tileheight":32,
         "tilewidth":32
        }, 
        {
         "columns":0,
         "firstgid":41,
         "margin":0,
         "name":"Obj",
         "spacing":0,
         "tilecount":10,
         "tileheight":64,
         "tileproperties":
            {
             "0":
                {
                 "include":"spawnPlayer"
                },
             "1":
                {
                 "include":"spring"
                },
             "2":
                {
                 "include":"button"
                },
             "4":
                {
                 "Transporter":"Bottom"
                },
             "5":
                {
                 "Transporter":"Left"
                },
             "6":
                {
                 "Transporter":"Right"
                },
             "7":
                {
                 "Transporter":"Top"
                }
            },
         "tilepropertytypes":
            {
             "0":
                {
                 "include":"string"
                },
             "1":
                {
                 "include":"string"
                },
             "2":
                {
                 "include":"string"
                },
             "4":
                {
                 "Transporter":"string"
                },
             "5":
                {
                 "Transporter":"string"
                },
             "6":
                {
                 "Transporter":"string"
                },
             "7":
                {
                 "Transporter":"string"
                }
            },
         "tiles":
            {
             "0":
                {
                 "image":"..\/Bitmap\/GameObject\/SpwanPoint.bmp"
                },
             "1":
                {
                 "image":"..\/Bitmap\/GameObject\/button.bmp"
                },
             "2":
                {
                 "image":"..\/Bitmap\/GameObject\/redButton.bmp"
                },
             "3":
                {
                 "image":"..\/Bitmap\/GreenBox_single1.bmp",
                 "objectgroup":
                    {
                     "draworder":"index",
                     "height":0,
                     "name":"",
                     "objects":[
                            {
                             "height":0,
                             "id":2,
                             "name":"",
                             "polygon":[
                                    {
                                     "x":0,
                                     "y":0
                                    }, 
                                    {
                                     "x":0,
                                     "y":64
                                    }, 
                                    {
                                     "x":64,
                                     "y":64
                                    }, 
                                    {
                                     "x":64,
                                     "y":0
                                    }],
                             "rotation":0,
                             "type":"",
                             "visible":true,
                             "width":0,
                             "x":0,
                             "y":0
                            }],
                     "opacity":1,
                     "type":"objectgroup",
                     "visible":true,
                     "width":0,
                     "x":0,
                     "y":0
                    }
                },
             "4":
                {
                 "image":"..\/Bitmap\/GameObject\/BottomIn.bmp"
                },
             "5":
                {
                 "image":"..\/Bitmap\/GameObject\/LeftIn.bmp"
                },
             "6":
                {
                 "image":"..\/Bitmap\/GameObject\/RightIn.bmp"
                },
             "7":
                {
                 "image":"..\/Bitmap\/GameObject\/TopIn.bmp"
                },
             "8":
                {
                 "image":"..\/Bitmap\/GameObject\/Gem\/Gem_Green.bmp"
                },
             "9":
                {
                 "image":"..\/Bitmap\/GemBackground.bmp"
                }
            },
         "tilewidth":64
        }, 
        {
         "columns":3,
         "firstgid":51,
         "image":"..\/Bitmap\/texure1.bmp",
         "imageheight":96,
         "imagewidth":96,
         "margin":0,
         "name":"Texure1",
         "spacing":0,
         "tilecount":9,
         "tileheight":32,
         "tilewidth":32,
         "transparentcolor":"#ff00ff"
        }, 
        {
         "columns":3,
         "firstgid":60,
         "image":"..\/Bitmap\/texure2.bmp",
         "imageheight":96,
         "imagewidth":96,
         "margin":0,
         "name":"Texure2",
         "spacing":0,
         "tilecount":9,
         "tileheight":32,
         "tilewidth":32,
         "transparentcolor":"#ff00ff"
        }, 
        {
         "columns":3,
         "firstgid":69,
         "image":"..\/Bitmap\/texure3.bmp",
         "imageheight":96,
         "imagewidth":96,
         "margin":0,
         "name":"Texure3",
         "spacing":0,
         "tilecount":9,
         "tileheight":32,
         "tilewidth":32,
         "transparentcolor":"#ff00ff"
        }],
 "tilewidth":32,
 "version":1,
 "width":26
}