{ "height":25,
 "layers":[
        {
         "data":[0, 0, 0, 0, 0, 0, 0, 0, 0, 0, 0, 0, 0, 0, 0, 0, 0, 0, 0, 0, 0, 0, 0, 0, 0, 0, 0, 0, 0, 0, 0, 0, 0, 0, 0, 0, 0, 0, 0, 0, 0, 0, 0, 0, 0, 0, 0, 0, 0, 0, 0, 0, 0, 0, 0, 0, 0, 0, 0, 0, 0, 0, 0, 0, 0, 0, 0, 0, 0, 0, 0, 0, 0, 0, 0, 0, 0, 0, 0, 0, 0, 0, 0, 0, 0, 0, 0, 0, 0, 0, 0, 0, 0, 0, 0, 0, 0, 0, 0, 0, 0, 0, 0, 0, 0, 0, 0, 0, 0, 0, 0, 0, 0, 0, 0, 0, 0, 0, 0, 0, 0, 0, 0, 0, 0, 0, 0, 0, 0, 0, 0, 0, 0, 0, 0, 0, 0, 0, 0, 0, 0, 0, 0, 0, 0, 0, 0, 0, 0, 0, 0, 0, 0, 0, 0, 0, 0, 0, 0, 0, 0, 0, 0, 0, 0, 0, 0, 0, 0, 0, 0, 0, 0, 0, 0, 0, 0, 0, 0, 0, 0, 0, 0, 0, 0, 0, 0, 0, 0, 0, 0, 0, 0, 0, 0, 0, 0, 0, 0, 0, 0, 0, 0, 0, 0, 0, 0, 0, 0, 0, 0, 0, 0, 0, 0, 0, 0, 0, 0, 0, 0, 0, 0, 0, 0, 0, 0, 0, 0, 0, 0, 0, 0, 0, 0, 0, 0, 0, 0, 0, 0, 0, 0, 0, 0, 0, 0, 0, 0, 0, 0, 0, 0, 0, 0, 0, 0, 0, 0, 0, 0, 0, 0, 0, 0, 0, 0, 0, 0, 0, 0, 0, 0, 0, 0, 0, 0, 0, 0, 0, 0, 0, 0, 0, 0, 0, 0, 0, 0, 0, 0, 0, 0, 0, 0, 0, 0, 0, 0, 0, 0, 0, 0, 0, 0, 0, 0, 0, 0, 0, 0, 0, 0, 0, 0, 0, 0, 0, 0, 0, 0, 0, 0, 0, 0, 0, 0, 0, 0, 0, 0, 0, 0, 0, 0, 0, 0, 0, 0, 0, 0, 0, 0, 0, 0, 0, 0, 0, 0, 0, 0, 0, 0, 0, 0, 0, 0, 0, 0, 0, 0, 0, 0, 0, 0, 0, 0, 0, 0, 0, 0, 0, 0, 0, 0, 0, 0, 0, 0, 0, 0, 0, 0, 0, 0, 0, 0, 0, 0, 0, 0, 0, 0, 0, 0, 0, 0, 0, 0, 0, 0, 0, 0, 0, 0, 0, 0, 0, 0, 0, 0, 0, 0, 0, 0, 0, 0, 0, 0, 0, 0, 0, 0, 0, 0, 0, 0, 0, 0, 0, 0, 0, 0, 0, 0, 0, 0, 0, 0, 0, 0, 0, 0, 0, 0, 0, 0, 0, 0, 0, 0, 0, 0, 0, 0, 0, 0, 0, 0, 0, 0, 0, 0, 0, 0, 0, 0, 0, 0, 0, 0, 0, 0, 0, 0, 0, 0, 0, 0, 0, 0, 0, 0, 0, 0, 0, 0, 0, 0, 0, 0, 0, 0, 0, 0, 0, 0, 0, 0, 0, 0, 0, 0, 0, 0, 0, 0, 0, 0, 0, 0, 0, 0, 0, 0, 0, 0, 0, 0, 0, 0, 0, 0, 0, 0, 0, 0, 0, 0, 0, 0, 0, 0, 0, 0, 0, 0, 0, 0, 0, 0, 0, 0, 0, 0, 0, 0, 0, 0, 0, 0, 0, 0, 0, 0, 0, 0, 0, 0, 0, 0, 0, 0, 0, 0, 0, 0, 0, 0, 0, 0, 0, 0, 0, 0, 0, 0, 0, 0, 0, 0, 0, 0, 0, 0, 0, 0, 0, 0, 0, 0, 0, 0, 0, 0, 0, 0, 0, 0, 0],
         "height":25,
         "name":"Texure",
         "opacity":1,
         "type":"tilelayer",
         "visible":true,
         "width":24,
         "x":0,
         "y":0
        }, 
        {
         "data":[21, 22, 22, 22, 22, 22, 22, 22, 22, 22, 22, 22, 22, 22, 22, 22, 22, 22, 22, 22, 22, 22, 22, 23, 26, 0, 0, 0, 0, 0, 0, 0, 0, 0, 0, 0, 0, 0, 0, 0, 0, 0, 0, 0, 0, 0, 0, 28, 0, 0, 0, 0, 0, 0, 0, 0, 0, 0, 0, 0, 0, 0, 0, 0, 0, 0, 0, 0, 0, 0, 0, 0, 0, 0, 0, 0, 0, 0, 0, 0, 0, 0, 0, 0, 0, 0, 0, 0, 0, 0, 0, 0, 0, 0, 0, 0, 0, 0, 0, 0, 0, 0, 0, 0, 0, 0, 0, 0, 0, 0, 0, 0, 0, 0, 0, 0, 0, 0, 0, 0, 0, 0, 0, 0, 0, 0, 0, 0, 0, 0, 0, 0, 0, 0, 0, 0, 0, 0, 0, 0, 0, 0, 0, 0, 0, 0, 0, 0, 0, 0, 0, 0, 0, 0, 0, 0, 0, 0, 0, 0, 0, 0, 0, 0, 0, 0, 0, 0, 0, 0, 0, 0, 0, 0, 0, 0, 0, 0, 0, 0, 0, 0, 0, 0, 0, 0, 0, 0, 0, 0, 0, 28, 0, 0, 0, 0, 0, 0, 0, 0, 0, 0, 0, 0, 0, 0, 0, 0, 0, 0, 0, 0, 0, 0, 0, 0, 0, 0, 0, 0, 0, 0, 0, 0, 0, 0, 0, 0, 0, 0, 0, 0, 0, 0, 0, 0, 0, 0, 0, 0, 0, 0, 0, 0, 0, 0, 0, 0, 0, 0, 0, 0, 0, 0, 0, 0, 0, 0, 0, 0, 0, 0, 0, 0, 0, 0, 0, 0, 0, 0, 0, 0, 0, 0, 0, 0, 0, 0, 0, 0, 0, 0, 0, 0, 0, 0, 0, 0, 0, 0, 0, 0, 0, 0, 0, 0, 0, 0, 0, 0, 0, 0, 0, 0, 0, 0, 0, 0, 0, 0, 0, 0, 0, 0, 0, 0, 0, 0, 0, 0, 0, 0, 0, 0, 0, 0, 0, 0, 0, 0, 0, 0, 0, 0, 0, 0, 0, 0, 0, 0, 0, 0, 0, 0, 0, 0, 0, 0, 0, 0, 0, 0, 0, 0, 0, 0, 0, 0, 0, 0, 0, 0, 0, 0, 0, 0, 0, 0, 0, 0, 0, 0, 0, 0, 0, 0, 0, 0, 0, 0, 0, 0, 0, 28, 0, 0, 0, 0, 0, 0, 0, 0, 0, 0, 0, 0, 0, 0, 0, 0, 0, 0, 0, 0, 0, 0, 0, 0, 0, 0, 0, 0, 0, 0, 0, 0, 0, 0, 0, 0, 0, 0, 0, 0, 0, 0, 0, 0, 0, 0, 0, 0, 0, 0, 0, 0, 0, 0, 0, 0, 0, 0, 0, 0, 0, 0, 0, 0, 0, 0, 0, 0, 0, 0, 0, 0, 0, 0, 0, 0, 0, 0, 0, 0, 0, 0, 0, 0, 0, 0, 0, 32, 0, 0, 0, 0, 0, 0, 0, 28, 0, 0, 0, 0, 0, 0, 0, 0, 0, 0, 0, 0, 0, 0, 0, 0, 0, 0, 0, 0, 0, 0, 0, 0, 0, 0, 0, 0, 0, 0, 0, 0, 0, 0, 0, 0, 0, 0, 0, 0, 0, 0, 0, 0, 0, 0, 0, 0, 0, 0, 0, 0, 0, 0, 0, 0, 0, 0, 0, 0, 0, 0, 0, 0, 0, 0, 0, 0, 0, 0, 0, 0, 26, 0, 0, 0, 0, 0, 0, 0, 0, 0, 0, 0, 0, 0, 0, 0, 0, 0, 0, 0, 0, 0, 0, 28, 31, 32, 0, 0, 0, 0, 0, 0, 0, 32, 0, 0, 0, 0, 32, 0, 0, 0, 0, 0, 0, 0, 32, 33],
         "height":25,
         "name":"No Collision BackGround",
         "opacity":1,
         "type":"tilelayer",
         "visible":true,
         "width":24,
         "x":0,
         "y":0
        }, 
        {
         "data":[0, 0, 0, 0, 0, 0, 0, 0, 0, 0, 0, 0, 0, 0, 0, 0, 0, 0, 0, 0, 0, 0, 0, 0, 0, 12, 12, 12, 12, 12, 12, 12, 12, 12, 12, 12, 12, 12, 12, 12, 12, 12, 12, 12, 12, 12, 12, 0, 9, 0, 0, 0, 0, 0, 0, 0, 0, 0, 0, 0, 0, 0, 0, 0, 0, 0, 0, 0, 0, 0, 0, 9, 9, 0, 4, 0, 0, 0, 4, 0, 19, 0, 1, 17, 17, 17, 17, 2, 17, 17, 17, 18, 0, 4, 0, 9, 9, 0, 9, 0, 0, 0, 9, 0, 0, 0, 9, 0, 0, 0, 0, 9, 0, 0, 0, 0, 0, 9, 0, 9, 9, 0, 9, 0, 19, 0, 6, 17, 17, 17, 13, 0, 0, 0, 0, 9, 0, 0, 0, 16, 17, 13, 0, 9, 9, 0, 9, 0, 0, 0, 9, 0, 0, 0, 0, 0, 0, 0, 0, 9, 0, 0, 0, 0, 0, 0, 0, 9, 9, 0, 11, 17, 17, 17, 13, 0, 0, 0, 0, 0, 0, 0, 0, 9, 0, 4, 0, 16, 17, 17, 17, 0, 9, 0, 0, 0, 0, 0, 0, 0, 0, 0, 0, 0, 0, 0, 0, 9, 0, 9, 0, 0, 0, 0, 0, 9, 9, 0, 0, 0, 0, 0, 0, 0, 0, 0, 16, 17, 17, 3, 0, 14, 0, 11, 17, 18, 0, 0, 0, 9, 9, 0, 0, 0, 0, 0, 0, 0, 0, 0, 0, 0, 0, 9, 0, 0, 0, 0, 0, 0, 0, 0, 0, 9, 9, 0, 0, 0, 0, 0, 0, 0, 0, 0, 0, 0, 0, 9, 0, 0, 0, 0, 0, 0, 0, 19, 0, 9, 9, 0, 0, 0, 0, 0, 0, 0, 0, 0, 0, 0, 0, 9, 0, 0, 0, 0, 0, 0, 0, 0, 0, 9, 9, 0, 0, 0, 0, 0, 0, 0, 0, 0, 16, 17, 17, 13, 0, 0, 0, 4, 0, 19, 0, 4, 0, 9, 9, 0, 0, 0, 0, 0, 0, 0, 0, 0, 0, 0, 0, 0, 0, 0, 0, 9, 0, 0, 0, 9, 0, 9, 9, 0, 0, 0, 0, 0, 0, 0, 4, 0, 0, 0, 0, 0, 0, 19, 0, 9, 0, 0, 0, 11, 17, 0, 9, 0, 0, 0, 0, 0, 0, 0, 9, 0, 0, 0, 0, 0, 0, 0, 0, 9, 0, 0, 0, 0, 0, 9, 9, 0, 0, 0, 0, 0, 4, 0, 14, 0, 0, 0, 0, 4, 0, 0, 0, 11, 17, 18, 0, 0, 0, 9, 9, 0, 0, 0, 0, 0, 9, 0, 0, 0, 0, 0, 0, 9, 0, 0, 0, 0, 0, 0, 0, 0, 0, 9, 9, 0, 0, 0, 4, 0, 9, 0, 0, 0, 4, 0, 0, 9, 0, 4, 0, 1, 17, 18, 0, 16, 17, 0, 9, 0, 0, 0, 9, 0, 9, 0, 0, 0, 9, 0, 0, 9, 0, 9, 0, 9, 0, 0, 0, 0, 0, 9, 9, 0, 4, 0, 14, 0, 9, 0, 16, 17, 13, 0, 0, 11, 17, 12, 17, 13, 0, 16, 17, 18, 0, 9, 9, 0, 9, 0, 0, 0, 9, 0, 0, 0, 0, 0, 0, 0, 0, 0, 0, 0, 0, 0, 0, 0, 0, 9, 0, 2, 8, 0, 0, 0, 14, 0, 1, 3, 0, 0, 0, 0, 1, 3, 0, 0, 0, 0, 0, 1, 2, 0, 0, 0, 13, 0, 0, 0, 0, 0, 11, 0, 18, 0, 0, 16, 0, 13, 0, 0, 0, 0, 0, 11, 0, 0],
         "height":25,
         "name":"BackGround",
         "opacity":1,
         "type":"tilelayer",
         "visible":true,
         "width":24,
         "x":0,
         "y":0
        }, 
        {
         "draworder":"topdown",
         "height":0,
         "name":"ObjectGround",
         "objects":[
                {
                 "gid":50,
                 "height":40,
                 "id":39,
                 "name":"",
                 "rotation":0,
                 "type":"",
                 "visible":true,
                 "width":40,
                 "x":348,
                 "y":388
                }],
         "opacity":1,
         "type":"objectgroup",
         "visible":true,
         "width":0,
         "x":0,
         "y":0
        }, 
        {
         "draworder":"topdown",
         "height":0,
         "name":"Objects",
         "objects":[
                {
                 "gid":45,
                 "height":32,
                 "id":36,
                 "name":"",
                 "rotation":0,
                 "type":"",
                 "visible":true,
                 "width":32,
                 "x":368,
                 "y":800
                }, 
                {
                 "gid":49,
                 "height":32,
                 "id":38,
                 "name":"WhiteGem",
                 "rotation":0,
                 "type":"",
                 "visible":true,
                 "width":32,
                 "x":352,
                 "y":384
                }],
         "opacity":1,
         "type":"objectgroup",
         "visible":true,
         "width":0,
         "x":0,
         "y":0
        }],
 "nextobjectid":40,
 "orientation":"orthogonal",
 "renderorder":"right-down",
 "tileheight":32,
 "tilesets":[
        {
         "columns":5,
         "firstgid":1,
         "image":"..\/Bitmap\/TileWhite.bmp",
         "imageheight":128,
         "imagewidth":160,
         "margin":0,
         "name":"Collision Ground",
         "spacing":0,
         "tilecount":20,
         "tileheight":32,
         "tiles":
            {
             "0":
                {
                 "objectgroup":
                    {
                     "draworder":"index",
                     "height":0,
                     "name":"",
                     "objects":[
                            {
                             "height":0,
                             "id":4,
                             "name":"",
                             "polygon":[
                                    {
                                     "x":0,
                                     "y":0
                                    }, 
                                    {
                                     "x":0,
                                     "y":32
                                    }, 
                                    {
                                     "x":32,
                                     "y":32
                                    }, 
                                    {
                                     "x":32,
                                     "y":0
                                    }],
                             "rotation":0,
                             "type":"",
                             "visible":true,
                             "width":0,
                             "x":0,
                             "y":0
                            }],
                     "opacity":1,
                     "type":"objectgroup",
                     "visible":true,
                     "width":0,
                     "x":0,
                     "y":0
                    }
                },
             "1":
                {
                 "objectgroup":
                    {
                     "draworder":"index",
                     "height":0,
                     "name":"",
                     "objects":[
                            {
                             "height":0,
                             "id":1,
                             "name":"",
                             "polygon":[
                                    {
                                     "x":0,
                                     "y":0
                                    }, 
                                    {
                                     "x":0,
                                     "y":32
                                    }, 
                                    {
                                     "x":32,
                                     "y":32
                                    }, 
                                    {
                                     "x":32,
                                     "y":0
                                    }],
                             "rotation":0,
                             "type":"",
                             "visible":true,
                             "width":0,
                             "x":0,
                             "y":0
                            }],
                     "opacity":1,
                     "type":"objectgroup",
                     "visible":true,
                     "width":0,
                     "x":0,
                     "y":0
                    }
                },
             "10":
                {
                 "objectgroup":
                    {
                     "draworder":"index",
                     "height":0,
                     "name":"",
                     "objects":[
                            {
                             "height":0,
                             "id":1,
                             "name":"",
                             "polygon":[
                                    {
                                     "x":0,
                                     "y":0
                                    }, 
                                    {
                                     "x":0,
                                     "y":32
                                    }, 
                                    {
                                     "x":32,
                                     "y":32
                                    }, 
                                    {
                                     "x":32,
                                     "y":0
                                    }],
                             "rotation":0,
                             "type":"",
                             "visible":true,
                             "width":0,
                             "x":0,
                             "y":0
                            }],
                     "opacity":1,
                     "type":"objectgroup",
                     "visible":true,
                     "width":0,
                     "x":0,
                     "y":0
                    }
                },
             "11":
                {
                 "objectgroup":
                    {
                     "draworder":"index",
                     "height":0,
                     "name":"",
                     "objects":[
                            {
                             "height":0,
                             "id":1,
                             "name":"",
                             "polygon":[
                                    {
                                     "x":0,
                                     "y":0
                                    }, 
                                    {
                                     "x":0,
                                     "y":32
                                    }, 
                                    {
                                     "x":32,
                                     "y":32
                                    }, 
                                    {
                                     "x":32,
                                     "y":0
                                    }],
                             "rotation":0,
                             "type":"",
                             "visible":true,
                             "width":0,
                             "x":0,
                             "y":0
                            }],
                     "opacity":1,
                     "type":"objectgroup",
                     "visible":true,
                     "width":0,
                     "x":0,
                     "y":0
                    }
                },
             "12":
                {
                 "objectgroup":
                    {
                     "draworder":"index",
                     "height":0,
                     "name":"",
                     "objects":[
                            {
                             "height":0,
                             "id":1,
                             "name":"",
                             "polygon":[
                                    {
                                     "x":0,
                                     "y":0
                                    }, 
                                    {
                                     "x":0,
                                     "y":32
                                    }, 
                                    {
                                     "x":32,
                                     "y":32
                                    }, 
                                    {
                                     "x":32,
                                     "y":0
                                    }],
                             "rotation":0,
                             "type":"",
                             "visible":true,
                             "width":0,
                             "x":0,
                             "y":0
                            }],
                     "opacity":1,
                     "type":"objectgroup",
                     "visible":true,
                     "width":0,
                     "x":0,
                     "y":0
                    }
                },
             "13":
                {
                 "objectgroup":
                    {
                     "draworder":"index",
                     "height":0,
                     "name":"",
                     "objects":[
                            {
                             "height":0,
                             "id":1,
                             "name":"",
                             "polygon":[
                                    {
                                     "x":0,
                                     "y":0
                                    }, 
                                    {
                                     "x":0,
                                     "y":32
                                    }, 
                                    {
                                     "x":32,
                                     "y":32
                                    }, 
                                    {
                                     "x":32,
                                     "y":0
                                    }],
                             "rotation":0,
                             "type":"",
                             "visible":true,
                             "width":0,
                             "x":0,
                             "y":0
                            }],
                     "opacity":1,
                     "type":"objectgroup",
                     "visible":true,
                     "width":0,
                     "x":0,
                     "y":0
                    }
                },
             "14":
                {
                 "objectgroup":
                    {
                     "draworder":"index",
                     "height":0,
                     "name":"",
                     "objects":[
                            {
                             "height":0,
                             "id":1,
                             "name":"",
                             "polygon":[
                                    {
                                     "x":0,
                                     "y":0
                                    }, 
                                    {
                                     "x":0,
                                     "y":32
                                    }, 
                                    {
                                     "x":32,
                                     "y":32
                                    }, 
                                    {
                                     "x":32,
                                     "y":0
                                    }],
                             "rotation":0,
                             "type":"",
                             "visible":true,
                             "width":0,
                             "x":0,
                             "y":0
                            }],
                     "opacity":1,
                     "type":"objectgroup",
                     "visible":true,
                     "width":0,
                     "x":0,
                     "y":0
                    }
                },
             "15":
                {
                 "objectgroup":
                    {
                     "draworder":"index",
                     "height":0,
                     "name":"",
                     "objects":[
                            {
                             "height":0,
                             "id":1,
                             "name":"",
                             "polygon":[
                                    {
                                     "x":0,
                                     "y":0
                                    }, 
                                    {
                                     "x":0,
                                     "y":32
                                    }, 
                                    {
                                     "x":32,
                                     "y":32
                                    }, 
                                    {
                                     "x":32,
                                     "y":0
                                    }],
                             "rotation":0,
                             "type":"",
                             "visible":true,
                             "width":0,
                             "x":0,
                             "y":0
                            }],
                     "opacity":1,
                     "type":"objectgroup",
                     "visible":true,
                     "width":0,
                     "x":0,
                     "y":0
                    }
                },
             "16":
                {
                 "objectgroup":
                    {
                     "draworder":"index",
                     "height":0,
                     "name":"",
                     "objects":[
                            {
                             "height":0,
                             "id":2,
                             "name":"",
                             "polygon":[
                                    {
                                     "x":0,
                                     "y":0
                                    }, 
                                    {
                                     "x":0,
                                     "y":32
                                    }, 
                                    {
                                     "x":32,
                                     "y":32
                                    }, 
                                    {
                                     "x":32,
                                     "y":0
                                    }],
                             "rotation":0,
                             "type":"",
                             "visible":true,
                             "width":0,
                             "x":0,
                             "y":0
                            }],
                     "opacity":1,
                     "type":"objectgroup",
                     "visible":true,
                     "width":0,
                     "x":0,
                     "y":0
                    }
                },
             "17":
                {
                 "objectgroup":
                    {
                     "draworder":"index",
                     "height":0,
                     "name":"",
                     "objects":[
                            {
                             "height":0,
                             "id":1,
                             "name":"",
                             "polygon":[
                                    {
                                     "x":0,
                                     "y":0
                                    }, 
                                    {
                                     "x":0,
                                     "y":32
                                    }, 
                                    {
                                     "x":32,
                                     "y":32
                                    }, 
                                    {
                                     "x":32,
                                     "y":0
                                    }],
                             "rotation":0,
                             "type":"",
                             "visible":true,
                             "width":0,
                             "x":0,
                             "y":0
                            }],
                     "opacity":1,
                     "type":"objectgroup",
                     "visible":true,
                     "width":0,
                     "x":0,
                     "y":0
                    }
                },
             "18":
                {
                 "objectgroup":
                    {
                     "draworder":"index",
                     "height":0,
                     "name":"",
                     "objects":[
                            {
                             "height":0,
                             "id":1,
                             "name":"",
                             "polygon":[
                                    {
                                     "x":0,
                                     "y":0
                                    }, 
                                    {
                                     "x":0,
                                     "y":32
                                    }, 
                                    {
                                     "x":32,
                                     "y":32
                                    }, 
                                    {
                                     "x":32,
                                     "y":0
                                    }],
                             "rotation":0,
                             "type":"",
                             "visible":true,
                             "width":0,
                             "x":0,
                             "y":0
                            }],
                     "opacity":1,
                     "type":"objectgroup",
                     "visible":true,
                     "width":0,
                     "x":0,
                     "y":0
                    }
                },
             "19":
                {
                 "objectgroup":
                    {
                     "draworder":"index",
                     "height":0,
                     "name":"",
                     "objects":[
                            {
                             "height":0,
                             "id":1,
                             "name":"",
                             "polygon":[
                                    {
                                     "x":0,
                                     "y":0
                                    }, 
                                    {
                                     "x":0,
                                     "y":32
                                    }, 
                                    {
                                     "x":32,
                                     "y":32
                                    }, 
                                    {
                                     "x":32,
                                     "y":0
                                    }],
                             "rotation":0,
                             "type":"",
                             "visible":true,
                             "width":0,
                             "x":0,
                             "y":0
                            }],
                     "opacity":1,
                     "type":"objectgroup",
                     "visible":true,
                     "width":0,
                     "x":0,
                     "y":0
                    }
                },
             "2":
                {
                 "objectgroup":
                    {
                     "draworder":"index",
                     "height":0,
                     "name":"",
                     "objects":[
                            {
                             "height":0,
                             "id":2,
                             "name":"",
                             "polygon":[
                                    {
                                     "x":0,
                                     "y":0
                                    }, 
                                    {
                                     "x":0,
                                     "y":32
                                    }, 
                                    {
                                     "x":32,
                                     "y":32
                                    }, 
                                    {
                                     "x":32,
                                     "y":0
                                    }],
                             "rotation":0,
                             "type":"",
                             "visible":true,
                             "width":0,
                             "x":0,
                             "y":0
                            }],
                     "opacity":1,
                     "type":"objectgroup",
                     "visible":true,
                     "width":0,
                     "x":0,
                     "y":0
                    }
                },
             "3":
                {
                 "objectgroup":
                    {
                     "draworder":"index",
                     "height":0,
                     "name":"",
                     "objects":[
                            {
                             "height":0,
                             "id":1,
                             "name":"",
                             "polygon":[
                                    {
                                     "x":0,
                                     "y":0
                                    }, 
                                    {
                                     "x":0,
                                     "y":32
                                    }, 
                                    {
                                     "x":32,
                                     "y":32
                                    }, 
                                    {
                                     "x":32,
                                     "y":0
                                    }],
                             "rotation":0,
                             "type":"",
                             "visible":true,
                             "width":0,
                             "x":0,
                             "y":0
                            }],
                     "opacity":1,
                     "type":"objectgroup",
                     "visible":true,
                     "width":0,
                     "x":0,
                     "y":0
                    }
                },
             "4":
                {
                 "objectgroup":
                    {
                     "draworder":"index",
                     "height":0,
                     "name":"",
                     "objects":[
                            {
                             "height":0,
                             "id":1,
                             "name":"",
                             "polygon":[
                                    {
                                     "x":0,
                                     "y":0
                                    }, 
                                    {
                                     "x":0,
                                     "y":32
                                    }, 
                                    {
                                     "x":32,
                                     "y":32
                                    }, 
                                    {
                                     "x":32,
                                     "y":0
                                    }],
                             "rotation":0,
                             "type":"",
                             "visible":true,
                             "width":0,
                             "x":0,
                             "y":0
                            }],
                     "opacity":1,
                     "type":"objectgroup",
                     "visible":true,
                     "width":0,
                     "x":0,
                     "y":0
                    }
                },
             "5":
                {
                 "objectgroup":
                    {
                     "draworder":"index",
                     "height":0,
                     "name":"",
                     "objects":[
                            {
                             "height":0,
                             "id":1,
                             "name":"",
                             "polygon":[
                                    {
                                     "x":0,
                                     "y":0
                                    }, 
                                    {
                                     "x":0,
                                     "y":32
                                    }, 
                                    {
                                     "x":32,
                                     "y":32
                                    }, 
                                    {
                                     "x":32,
                                     "y":0
                                    }],
                             "rotation":0,
                             "type":"",
                             "visible":true,
                             "width":0,
                             "x":0,
                             "y":0
                            }],
                     "opacity":1,
                     "type":"objectgroup",
                     "visible":true,
                     "width":0,
                     "x":0,
                     "y":0
                    }
                },
             "6":
                {
                 "objectgroup":
                    {
                     "draworder":"index",
                     "height":0,
                     "name":"",
                     "objects":[
                            {
                             "height":0,
                             "id":1,
                             "name":"",
                             "polygon":[
                                    {
                                     "x":0,
                                     "y":0
                                    }, 
                                    {
                                     "x":0,
                                     "y":32
                                    }, 
                                    {
                                     "x":32,
                                     "y":32
                                    }, 
                                    {
                                     "x":32,
                                     "y":0
                                    }],
                             "rotation":0,
                             "type":"",
                             "visible":true,
                             "width":0,
                             "x":0,
                             "y":0
                            }],
                     "opacity":1,
                     "type":"objectgroup",
                     "visible":true,
                     "width":0,
                     "x":0,
                     "y":0
                    }
                },
             "7":
                {
                 "objectgroup":
                    {
                     "draworder":"index",
                     "height":0,
                     "name":"",
                     "objects":[
                            {
                             "height":0,
                             "id":1,
                             "name":"",
                             "polygon":[
                                    {
                                     "x":0,
                                     "y":0
                                    }, 
                                    {
                                     "x":0,
                                     "y":32
                                    }, 
                                    {
                                     "x":32,
                                     "y":32
                                    }, 
                                    {
                                     "x":32,
                                     "y":0
                                    }],
                             "rotation":0,
                             "type":"",
                             "visible":true,
                             "width":0,
                             "x":0,
                             "y":0
                            }],
                     "opacity":1,
                     "type":"objectgroup",
                     "visible":true,
                     "width":0,
                     "x":0,
                     "y":0
                    }
                },
             "8":
                {
                 "objectgroup":
                    {
                     "draworder":"index",
                     "height":0,
                     "name":"",
                     "objects":[
                            {
                             "height":0,
                             "id":1,
                             "name":"",
                             "polygon":[
                                    {
                                     "x":0,
                                     "y":0
                                    }, 
                                    {
                                     "x":0,
                                     "y":32
                                    }, 
                                    {
                                     "x":32,
                                     "y":32
                                    }, 
                                    {
                                     "x":32,
                                     "y":0
                                    }],
                             "rotation":0,
                             "type":"",
                             "visible":true,
                             "width":0,
                             "x":0,
                             "y":0
                            }],
                     "opacity":1,
                     "type":"objectgroup",
                     "visible":true,
                     "width":0,
                     "x":0,
                     "y":0
                    }
                },
             "9":
                {
                 "objectgroup":
                    {
                     "draworder":"index",
                     "height":0,
                     "name":"",
                     "objects":[
                            {
                             "height":0,
                             "id":1,
                             "name":"",
                             "polygon":[
                                    {
                                     "x":0,
                                     "y":0
                                    }, 
                                    {
                                     "x":0,
                                     "y":32
                                    }, 
                                    {
                                     "x":32,
                                     "y":32
                                    }, 
                                    {
                                     "x":32,
                                     "y":0
                                    }],
                             "rotation":0,
                             "type":"",
                             "visible":true,
                             "width":0,
                             "x":0,
                             "y":0
                            }],
                     "opacity":1,
                     "type":"objectgroup",
                     "visible":true,
                     "width":0,
                     "x":0,
                     "y":0
                    }
                }
            },
         "tilewidth":32
        }, 
        {
         "columns":5,
         "firstgid":21,
         "image":"..\/Bitmap\/TileWhite.bmp",
         "imageheight":128,
         "imagewidth":160,
         "margin":0,
         "name":"No Collision Ground",
         "spacing":0,
         "tilecount":20,
         "tileheight":32,
         "tilewidth":32
        }, 
        {
         "columns":0,
         "firstgid":41,
         "margin":0,
         "name":"Obj",
         "spacing":0,
         "tilecount":10,
         "tileheight":64,
         "tileproperties":
            {
             "0":
                {
                 "include":"spawnPlayer"
                },
             "1":
                {
                 "include":"spring"
                },
             "2":
                {
                 "include":"button"
                },
             "4":
                {
                 "Transporter":"Bottom"
                },
             "5":
                {
                 "Transporter":"Left"
                },
             "6":
                {
                 "Transporter":"Right"
                },
             "7":
                {
                 "Transporter":"Top"
                },
             "8":
                {
                 "include":"Gem"
                }
            },
         "tilepropertytypes":
            {
             "0":
                {
                 "include":"string"
                },
             "1":
                {
                 "include":"string"
                },
             "2":
                {
                 "include":"string"
                },
             "4":
                {
                 "Transporter":"string"
                },
             "5":
                {
                 "Transporter":"string"
                },
             "6":
                {
                 "Transporter":"string"
                },
             "7":
                {
                 "Transporter":"string"
                },
             "8":
                {
                 "include":"string"
                }
            },
         "tiles":
            {
             "0":
                {
                 "image":"..\/Bitmap\/GameObject\/SpwanPoint.bmp"
                },
             "1":
                {
                 "image":"..\/Bitmap\/GameObject\/button.bmp"
                },
             "2":
                {
                 "image":"..\/Bitmap\/GameObject\/redButton.bmp"
                },
             "3":
                {
                 "image":"..\/Bitmap\/GreenBox_single1.bmp",
                 "objectgroup":
                    {
                     "draworder":"index",
                     "height":0,
                     "name":"",
                     "objects":[
                            {
                             "height":0,
                             "id":2,
                             "name":"",
                             "polygon":[
                                    {
                                     "x":0,
                                     "y":0
                                    }, 
                                    {
                                     "x":0,
                                     "y":64
                                    }, 
                                    {
                                     "x":64,
                                     "y":64
                                    }, 
                                    {
                                     "x":64,
                                     "y":0
                                    }],
                             "rotation":0,
                             "type":"",
                             "visible":true,
                             "width":0,
                             "x":0,
                             "y":0
                            }],
                     "opacity":1,
                     "type":"objectgroup",
                     "visible":true,
                     "width":0,
                     "x":0,
                     "y":0
                    }
                },
             "4":
                {
                 "image":"..\/Bitmap\/GameObject\/BottomIn.bmp"
                },
             "5":
                {
                 "image":"..\/Bitmap\/GameObject\/LeftIn.bmp"
                },
             "6":
                {
                 "image":"..\/Bitmap\/GameObject\/RightIn.bmp"
                },
             "7":
                {
                 "image":"..\/Bitmap\/GameObject\/TopIn.bmp"
                },
             "8":
                {
                 "image":"..\/Bitmap\/GameObject\/Gem\/Gem_White.bmp"
                },
             "9":
                {
                 "image":"..\/Bitmap\/GemBackground.bmp"
                }
            },
         "tilewidth":64
        }, 
        {
         "columns":3,
         "firstgid":51,
         "image":"..\/Bitmap\/texure1.bmp",
         "imageheight":96,
         "imagewidth":96,
         "margin":0,
         "name":"Texure1",
         "spacing":0,
         "tilecount":9,
         "tileheight":32,
         "tilewidth":32,
         "transparentcolor":"#ff00ff"
        }, 
        {
         "columns":3,
         "firstgid":60,
         "image":"..\/Bitmap\/texure2.bmp",
         "imageheight":96,
         "imagewidth":96,
         "margin":0,
         "name":"Texure2",
         "spacing":0,
         "tilecount":9,
         "tileheight":32,
         "tilewidth":32,
         "transparentcolor":"#ff00ff"
        }, 
        {
         "columns":3,
         "firstgid":69,
         "image":"..\/Bitmap\/texure3.bmp",
         "imageheight":96,
         "imagewidth":96,
         "margin":0,
         "name":"Texure3",
         "spacing":0,
         "tilecount":9,
         "tileheight":32,
         "tilewidth":32,
         "transparentcolor":"#ff00ff"
        }],
 "tilewidth":32,
 "version":1,
 "width":24
}